<beans
        xmlns="http://www.springframework.org/schema/beans"
        xmlns:amq="http://activemq.apache.org/schema/core"
        xmlns:xsi="http://www.w3.org/2001/XMLSchema-instance"
        xsi:schemaLocation="http://www.springframework.org/schema/beans http://www.springframework.org/schema/beans/spring-beans-2.0.xsd
  http://activemq.apache.org/schema/core http://activemq.apache.org/schema/core/activemq-core.xsd">

    <broker xmlns="http://activemq.apache.org/schema/core" brokerName="myBroker" dataDirectory="${activemq.base}/data">
        <transportConnectors>
            <transportConnector name="openwire" uri="tcp://0.0.0.0:61616?maximumConnections=1000&amp;wireFormat.maxFrameSize=104857600"/>
            <transportConnector name="amqp" uri="amqp://0.0.0.0:5672?maximumConnections=1000&amp;wireFormat.maxFrameSize=104857600"/>
            <transportConnector name="stomp" uri="stomp://0.0.0.0:61613?maximumConnections=1000&amp;wireFormat.maxFrameSize=104857600"/>
            <transportConnector name="mqtt" uri="mqtt://0.0.0.0:1883?maximumConnections=1000&amp;wireFormat.maxFrameSize=104857600"/>
            <!--<transportConnector name="ws" uri="ws://0.0.0.0:61614?maximumConnections=1000&amp;wireFormat.maxFrameSize=104857600"/>-->
        </transportConnectors>

        <plugins>
            <simpleAuthenticationPlugin>
                <users>
                    <authenticationUser username="admin" password="password" groups="admins,publishers,consumers" />
                    <authenticationUser username="publisher" password="password" groups="publishers,consumers" />
                    <authenticationUser username="consumer" password="password" groups="consumers" />
                    <authenticationUser username="guest" password="password" groups="guests" />
                </users>
            </simpleAuthenticationPlugin>
        </plugins>
    </broker>
</beans>