<?xml version="1.0" encoding="UTF-8"?>
<beans xmlns="http://www.springframework.org/schema/beans"
       xmlns:xsi="http://www.w3.org/2001/XMLSchema-instance"
       xmlns:aop="http://www.springframework.org/schema/aop"
       xmlns:context="http://www.springframework.org/schema/context"
       xmlns:tx="http://www.springframework.org/schema/tx"
       xmlns:cache="http://www.springframework.org/schema/cache"

       xsi:schemaLocation="http://www.springframework.org/schema/beans
			http://www.springframework.org/schema/beans/spring-beans.xsd
			http://www.springframework.org/schema/context
			http://www.springframework.org/schema/context/spring-context.xsd
			http://www.springframework.org/schema/aop
			http://www.springframework.org/schema/aop/spring-aop.xsd
			http://www.springframework.org/schema/tx
			http://www.springframework.org/schema/tx/spring-tx.xsd
			http://www.springframework.org/schema/cache
			http://www.springframework.org/schema/cache/spring-cache.xsd">

    <!-- 该cache主要用于放置实际的数据.-->
    <bean id="springCache1" class="com.agileeagle.gf.tech.springcache.SpringCache">
        <!-- @cacheable使用的cache名称 -->
        <property name="name" value="autoCache"/>
        <!-- 缓存 -->
        <property name="client" ref="mixCache"/>
    </bean>

    <!-- 该管理器只支持一个缓存 -->
    <bean id="springCacheManager" class="com.agileeagle.gf.tech.springcache.SpringCacheManager">
        <property name="springCacheList">
            <list>
                <ref bean="springCache"/>
            </list>
        </property>
    </bean>
    <cache:annotation-driven cache-manager="springCacheManager"/>
</beans>
