<?xml version="1.0" encoding="UTF-8"?>
<beans xmlns="http://www.springframework.org/schema/beans"
       xmlns:xsi="http://www.w3.org/2001/XMLSchema-instance"
       xmlns:aop="http://www.springframework.org/schema/aop"
       xmlns:context="http://www.springframework.org/schema/context"
       xmlns:tx="http://www.springframework.org/schema/tx"
       xmlns:cache="http://www.springframework.org/schema/cache"

       xsi:schemaLocation="http://www.springframework.org/schema/beans
			http://www.springframework.org/schema/beans/spring-beans.xsd
			http://www.springframework.org/schema/context
			http://www.springframework.org/schema/context/spring-context.xsd
			http://www.springframework.org/schema/aop
			http://www.springframework.org/schema/aop/spring-aop.xsd
			http://www.springframework.org/schema/tx
			http://www.springframework.org/schema/tx/spring-tx.xsd
			http://www.springframework.org/schema/cache
			http://www.springframework.org/schema/cache/spring-cache.xsd">

    <!-- 自定义 simpleCache接口, 基于ehcache实现配置 -->
    <!-- ehcache manager factory -->
    <bean id="ehcache2xCacheManagerFactoryBean" class="org.springframework.cache.ehcache.EhCacheManagerFactoryBean">
        <!-- configuration file -->
        <property name="configLocation" value="classpath:config/ehcache2x_config.xml"/>
        <!-- new created cache manager name. -->
        <property name="cacheManagerName" value="cacheManager2x"/>
    </bean>

    <!-- new ehcache instance -->
    <bean id="ehcacheFacotry2x" class="org.springframework.cache.ehcache.EhCacheFactoryBean">
        <property name="cacheManager" ref="ehcache2xCacheManagerFactoryBean"/>
        <!-- cache name configured in ehcache_config.xml-->
        <property name="cacheName" value="defaultLocalEhcache2x"/>
    </bean>

    <!-- simplecache 作为spring bean, 其他的bean可以调用其接口直接操作Ehcache实例(localSimple) -->
    <bean id="simpleCacheLocalEhcache" class="com.agileeagle.gf.tech.cache.impl.ehcache.SimpleCacheLocalEhcache2x">
        <property name="enabled" value="true"></property>
        <property name="simpleEhcache" ref="ehcacheFacotry2x"></property>
    </bean>

</beans>
