<?xml version="1.0" encoding="UTF-8"?>
<beans xmlns="http://www.springframework.org/schema/beans"
       xmlns:xsi="http://www.w3.org/2001/XMLSchema-instance"
       xmlns:aop="http://www.springframework.org/schema/aop"
       xmlns:context="http://www.springframework.org/schema/context"
       xmlns:tx="http://www.springframework.org/schema/tx"
       xmlns:cache="http://www.springframework.org/schema/cache"

       xsi:schemaLocation="http://www.springframework.org/schema/beans
			http://www.springframework.org/schema/beans/spring-beans.xsd
			http://www.springframework.org/schema/context
			http://www.springframework.org/schema/context/spring-context.xsd
			http://www.springframework.org/schema/aop
			http://www.springframework.org/schema/aop/spring-aop.xsd
			http://www.springframework.org/schema/tx
			http://www.springframework.org/schema/tx/spring-tx.xsd
			http://www.springframework.org/schema/cache
			http://www.springframework.org/schema/cache/spring-cache.xsd">

    <!-- 自定义缓存配置, 支持simplecache, richecache 混合缓存.-->
    <bean id="mixCache" class="com.agileeagle.gf.tech.cache.impl.mixcache.MixCacheImpl">
        <property name="richCache" ref="richCacheShardedRedis"/>
        <property name="simpleCache" ref="simpleCacheLocalEhcache"/>
        <property name="defaultSimpleCacheExpired" value="${cache.uc.mixCache.defaultSimpleCacheExpired}"/>
        <property name="defaultRichCacheExpired" value="${cache.uc.mixCache.defaultRichCacheExpired}"/>
        <property name="enableSimpleCache" value="${cache.uc.mixCache.enableSimpleCache}"/>
        <property name="enableRichCache" value="${cache.uc.mixCache.enableRichCache}"/>
    </bean>

</beans>
