<?xml version="1.0" encoding="UTF-8"?>
<beans xmlns="http://www.springframework.org/schema/beans" xmlns:xsi="http://www.w3.org/2001/XMLSchema-instance" xsi:schemaLocation="http://www.springframework.org/schema/beans
			http://www.springframework.org/schema/beans/spring-beans.xsd">


	<bean id="shardPoolConfig" class="com.agileeagle.gf.tech.client.redis.ShardPoolConfig">
		<property name="maxTotal" value="${cache.shardredis.maxTotal}" />
		<property name="maxIdle" value="${cache.shardredis.maxIdle}" />
		<property name="maxWaitMillis" value="${cache.shardredis.maxWaitMillis}" />
		<property name="testOnBorrow" value="${cache.shardredis.testOnBorrow}" />
		<property name="shardConfigs" value="${cache.shardredis.shardConfigs}" />
	</bean>


	<bean id="sharedJedisClient" class="com.agileeagle.gf.tech.client.redis.ShardedJedisClient" init-method="init" destroy-method="destroy">
		<property name="shardPoolConfig" ref="shardPoolConfig" />
	</bean>

	<bean id="richCacheShardedRedis" class="com.agileeagle.gf.tech.cache.impl.redis.RichCacheShardedJedis">
		<property name="shardedJedisClient" ref="sharedJedisClient" />
	</bean>

</beans>